epoch,time,train/box_loss,train/cls_loss,train/dfl_loss,metrics/precision(B),metrics/recall(B),metrics/mAP50(B),metrics/mAP50-95(B),val/box_loss,val/cls_loss,val/dfl_loss,lr/pg0,lr/pg1,lr/pg2
1,19.238,3.97759,5.33674,3.81202,0,0.0023,0,0,3.86027,4.19913,3.3202,0.0703,0.0033,0.0033
2,36.6372,3.58204,4.94814,3.41885,0.00097,0.04699,0.0011,0.00038,3.56113,4.00217,3.08101,0.0402672,0.0066005,0.0066005
3,54.3043,3.57812,4.64238,3.2761,4e-05,0.03563,3e-05,0,3.64458,3.91549,3.04098,0.0102013,0.009868,0.009868
4,71.84,3.50893,4.60533,3.23017,0.00033,0.0347,0.00017,2e-05,3.64146,4.00689,3.07811,0.0098515,0.0098515,0.0098515
5,89.8047,3.54216,4.54502,3.21317,1e-05,0.0092,1e-05,0,3.74074,4.40869,3.07678,0.009802,0.009802,0.009802
6,108.315,3.49209,4.55381,3.18641,2e-05,0.01954,1e-05,0,3.68159,3.89984,3.12325,0.0097525,0.0097525,0.0097525
7,126.529,3.48593,4.53129,3.16471,3e-05,0.03103,2e-05,0,3.58233,4.39556,3.03707,0.009703,0.009703,0.009703
8,144.664,3.38841,4.51843,3.18512,9e-05,0.08046,0.00012,2e-05,3.45195,3.8133,2.92937,0.0096535,0.0096535,0.0096535
9,162.624,3.45052,4.49555,3.21588,0.0001,0.05235,0.00019,4e-05,3.53314,3.88788,3.03773,0.009604,0.009604,0.009604
10,180.867,3.46368,4.50457,3.18136,0.0033,0.08147,0.00459,0.00098,3.56195,4.00233,3.03328,0.0095545,0.0095545,0.0095545
11,199.221,3.46363,4.42659,3.14921,8e-05,0.07356,0.00018,3e-05,3.52871,3.9732,3.00461,0.009505,0.009505,0.009505
12,217.345,3.43805,4.42181,3.1565,0.00413,0.11112,0.00666,0.00162,3.5733,3.88403,3.08277,0.0094555,0.0094555,0.0094555
13,235.926,3.4005,4.26469,3.13305,0.87924,0.01913,0.02179,0.00493,3.49776,3.57441,3.08651,0.009406,0.009406,0.009406
14,254.152,3.3398,4.11713,3.13798,0.71347,0.03604,0.02579,0.00628,3.39605,3.49522,3.03285,0.0093565,0.0093565,0.0093565
15,272.711,3.26368,3.9139,3.11708,0.54047,0.07637,0.04199,0.01356,3.23598,3.42984,2.94039,0.009307,0.009307,0.009307
16,290.497,3.12597,3.72261,3.05044,0.53969,0.12896,0.0575,0.01438,3.12902,3.21371,2.90016,0.0092575,0.0092575,0.0092575
17,308.135,3.01686,3.61889,3.01873,0.39815,0.14356,0.05972,0.01928,3.04772,3.06939,2.8266,0.009208,0.009208,0.009208
18,325.606,2.91508,3.50322,2.95462,0.23587,0.18497,0.09421,0.03117,2.85694,2.95208,2.69811,0.0091585,0.0091585,0.0091585
19,343.309,2.84145,3.42748,2.85727,0.40738,0.1964,0.10599,0.03396,2.73946,3.03277,2.60634,0.009109,0.009109,0.009109
20,360.973,2.73685,3.31878,2.77997,0.35311,0.21825,0.13948,0.04571,2.58415,2.72763,2.49425,0.0090595,0.0090595,0.0090595
21,378.866,2.63995,3.20009,2.70622,0.41476,0.22683,0.15264,0.04583,2.60404,2.60055,2.47567,0.00901,0.00901,0.00901
22,396.417,2.61926,3.16185,2.68362,0.3221,0.20085,0.16147,0.05058,2.60197,2.60031,2.50968,0.0089605,0.0089605,0.0089605
23,413.867,2.54878,3.12843,2.64518,0.49184,0.2689,0.1876,0.05483,2.47502,2.64349,2.39009,0.008911,0.008911,0.008911
24,431.521,2.43081,3.05683,2.58202,0.52057,0.2709,0.22617,0.06949,2.43478,2.48294,2.37108,0.0088615,0.0088615,0.0088615
25,449.106,2.40391,2.97415,2.5254,0.38423,0.1974,0.17582,0.05501,2.46887,2.62634,2.38647,0.008812,0.008812,0.008812
26,466.72,2.34817,2.87255,2.4791,0.58815,0.23593,0.28399,0.09686,2.35014,2.35825,2.29951,0.0087625,0.0087625,0.0087625
27,483.801,2.31798,2.85254,2.45254,0.57051,0.22543,0.22189,0.07632,2.35635,2.48926,2.32127,0.008713,0.008713,0.008713
28,500.792,2.25186,2.80162,2.40804,0.3017,0.3659,0.26962,0.09656,2.31443,2.38582,2.30301,0.0086635,0.0086635,0.0086635
29,517.829,2.23158,2.70858,2.3881,0.43213,0.26733,0.27242,0.10172,2.27831,2.33721,2.2462,0.008614,0.008614,0.008614
30,535.034,2.1974,2.7359,2.36101,0.49303,0.35864,0.30805,0.11541,2.23542,2.34794,2.21758,0.0085645,0.0085645,0.0085645
31,552.051,2.14818,2.65027,2.30683,0.3264,0.3853,0.31702,0.11493,2.26446,2.19067,2.27046,0.008515,0.008515,0.008515
32,569.342,2.15089,2.63032,2.29843,0.34821,0.37651,0.28336,0.08536,2.24076,2.32994,2.22309,0.0084655,0.0084655,0.0084655
33,586.466,2.0907,2.54061,2.26134,0.32136,0.35264,0.33341,0.12378,2.22187,2.15367,2.23057,0.008416,0.008416,0.008416
34,603.599,2.07588,2.53283,2.24715,0.35498,0.4026,0.33776,0.11955,2.21588,2.25401,2.20295,0.0083665,0.0083665,0.0083665
35,620.715,2.06866,2.50278,2.22179,0.64863,0.29959,0.41418,0.14969,2.11237,2.11543,2.11138,0.008317,0.008317,0.008317
36,638.157,2.02489,2.41887,2.183,0.36367,0.50421,0.41365,0.15834,2.18386,2.05904,2.18747,0.0082675,0.0082675,0.0082675
37,655.249,2.03061,2.42391,2.18205,0.4391,0.42925,0.39176,0.13867,2.15806,2.06222,2.13539,0.008218,0.008218,0.008218
38,672.437,2.00916,2.37117,2.1643,0.38799,0.44999,0.37829,0.1436,2.15278,2.05059,2.15866,0.0081685,0.0081685,0.0081685
39,689.502,2.01708,2.35077,2.17912,0.43223,0.3613,0.4011,0.14658,2.16928,1.99746,2.15685,0.008119,0.008119,0.008119
40,706.485,1.98123,2.30638,2.13232,0.48553,0.47963,0.43052,0.16731,2.10906,1.9444,2.10328,0.0080695,0.0080695,0.0080695
41,723.677,1.97355,2.28843,2.12798,0.5498,0.50369,0.47713,0.18709,2.09122,1.9367,2.12057,0.00802,0.00802,0.00802
42,740.684,1.95922,2.28236,2.10687,0.58781,0.4926,0.49774,0.19478,2.07948,1.88892,2.10113,0.0079705,0.0079705,0.0079705
43,758.057,1.92445,2.21615,2.08944,0.51906,0.49542,0.45597,0.1746,2.08432,1.94368,2.09727,0.007921,0.007921,0.007921
44,775.018,1.93834,2.21879,2.10795,0.59313,0.41625,0.48478,0.19455,2.09152,1.94479,2.10542,0.0078715,0.0078715,0.0078715
45,791.852,1.917,2.23577,2.06508,0.508,0.48627,0.48636,0.1964,2.0975,1.85196,2.11732,0.007822,0.007822,0.007822
46,808.816,1.93195,2.2159,2.06588,0.47665,0.54207,0.48313,0.19434,2.04395,1.81966,2.04439,0.0077725,0.0077725,0.0077725
47,826.11,1.9253,2.16606,2.07552,0.5713,0.49122,0.48852,0.20297,2.05315,1.8518,2.04017,0.007723,0.007723,0.007723
48,843.368,1.89464,2.17781,2.03794,0.47057,0.53571,0.53063,0.21882,2.03531,1.84888,2.02244,0.0076735,0.0076735,0.0076735
49,860.561,1.88863,2.13617,2.03827,0.50464,0.58886,0.53266,0.21496,2.10341,1.8216,2.07371,0.007624,0.007624,0.007624
50,877.814,1.87915,2.12313,2.06039,0.54877,0.51684,0.54868,0.22961,2.02123,1.7757,2.04587,0.0075745,0.0075745,0.0075745
51,894.722,1.88597,2.10853,2.0395,0.54179,0.49803,0.52714,0.22514,2.02371,1.78697,2.02849,0.007525,0.007525,0.007525
52,911.872,1.86898,2.0931,2.01059,0.49215,0.60909,0.58817,0.23578,2.04076,1.74258,2.01719,0.0074755,0.0074755,0.0074755
53,928.759,1.86409,2.06458,2.00395,0.61589,0.52069,0.57252,0.23489,1.98948,1.74886,1.96996,0.007426,0.007426,0.007426
54,945.729,1.84404,2.01475,1.99219,0.55272,0.559,0.57448,0.22744,2.04223,1.68137,2.00923,0.0073765,0.0073765,0.0073765
55,962.69,1.85281,2.08053,1.98222,0.57857,0.56202,0.58367,0.23594,2.00983,1.74577,1.99174,0.007327,0.007327,0.007327
56,979.632,1.85597,2.03794,1.99367,0.54449,0.5684,0.60223,0.24429,1.98537,1.67499,1.95513,0.0072775,0.0072775,0.0072775
57,996.666,1.83111,1.99092,1.96772,0.54073,0.57759,0.57101,0.24436,1.97503,1.64855,1.97727,0.007228,0.007228,0.007228
58,1013.61,1.82086,1.98153,1.9653,0.60289,0.64313,0.63592,0.26991,1.97741,1.61891,1.94243,0.0071785,0.0071785,0.0071785
59,1030.69,1.83476,1.95105,1.96302,0.62127,0.61972,0.64781,0.26809,1.99478,1.59831,1.95271,0.007129,0.007129,0.007129
60,1047.77,1.8375,1.9345,1.95891,0.52396,0.61096,0.62713,0.26365,1.96839,1.63971,1.95638,0.0070795,0.0070795,0.0070795
61,1064.57,1.8071,1.95781,1.96277,0.64317,0.61992,0.66436,0.28326,2.00409,1.59503,1.97099,0.00703,0.00703,0.00703
62,1081.8,1.8177,1.91655,1.95523,0.58657,0.65371,0.65441,0.27439,1.96364,1.56029,1.9436,0.0069805,0.0069805,0.0069805
63,1098.78,1.80556,1.91296,1.93772,0.65929,0.56146,0.62969,0.26899,1.95313,1.60515,1.91647,0.006931,0.006931,0.006931
64,1115.93,1.77448,1.87688,1.91541,0.68128,0.60708,0.67732,0.29883,1.94457,1.57847,1.93683,0.0068815,0.0068815,0.0068815
65,1132.89,1.77957,1.85483,1.9038,0.70205,0.54203,0.64886,0.29447,1.89253,1.5908,1.88216,0.006832,0.006832,0.006832
66,1149.83,1.81028,1.93389,1.95327,0.66521,0.6298,0.70505,0.30368,1.93663,1.57029,1.91784,0.0067825,0.0067825,0.0067825
67,1166.61,1.7643,1.85001,1.89427,0.72468,0.62819,0.73025,0.3187,1.9768,1.48347,1.93541,0.006733,0.006733,0.006733
68,1183.72,1.78208,1.8987,1.91209,0.71201,0.60521,0.69529,0.30536,1.93079,1.51128,1.90903,0.0066835,0.0066835,0.0066835
69,1200.61,1.75676,1.83145,1.90392,0.61355,0.66648,0.70283,0.30439,1.9419,1.47865,1.91948,0.006634,0.006634,0.006634
70,1217.6,1.77319,1.81904,1.90236,0.68947,0.62295,0.69056,0.29951,1.9313,1.53274,1.91985,0.0065845,0.0065845,0.0065845
71,1234.92,1.75507,1.79697,1.86942,0.77407,0.6825,0.77834,0.3333,1.92067,1.39848,1.89728,0.006535,0.006535,0.006535
72,1251.74,1.75573,1.79682,1.88025,0.69674,0.67712,0.73801,0.32223,1.90184,1.46265,1.87099,0.0064855,0.0064855,0.0064855
73,1268.76,1.73007,1.78433,1.87817,0.69117,0.69957,0.74335,0.32583,1.90581,1.43404,1.89008,0.006436,0.006436,0.006436
74,1285.63,1.74096,1.74033,1.87892,0.72977,0.66881,0.7506,0.32923,1.88925,1.44274,1.88109,0.0063865,0.0063865,0.0063865
75,1302.93,1.75,1.79133,1.90699,0.72546,0.67979,0.73522,0.32512,1.89327,1.44943,1.87343,0.006337,0.006337,0.006337
76,1320,1.73619,1.73836,1.87085,0.73287,0.72176,0.7748,0.35794,1.91965,1.38613,1.9145,0.0062875,0.0062875,0.0062875
77,1337.16,1.73347,1.74673,1.87742,0.75172,0.63663,0.73716,0.3309,1.88309,1.39624,1.8628,0.006238,0.006238,0.006238
78,1354.31,1.72681,1.7358,1.85413,0.75461,0.64832,0.7653,0.34194,1.90398,1.39571,1.86637,0.0061885,0.0061885,0.0061885
79,1371.24,1.72678,1.75826,1.85955,0.71876,0.73721,0.78452,0.34479,1.88198,1.38518,1.85931,0.006139,0.006139,0.006139
80,1388.3,1.72508,1.71716,1.85689,0.75068,0.67612,0.75131,0.34613,1.85713,1.38197,1.84501,0.0060895,0.0060895,0.0060895
81,1405.49,1.71502,1.7334,1.85295,0.77212,0.69447,0.78839,0.33892,1.88833,1.3582,1.88438,0.00604,0.00604,0.00604
82,1422.44,1.7312,1.69282,1.86371,0.78011,0.66073,0.7724,0.36093,1.88616,1.38142,1.86535,0.0059905,0.0059905,0.0059905
83,1439.46,1.68884,1.69081,1.82398,0.79165,0.70393,0.78906,0.36033,1.85911,1.29933,1.83448,0.005941,0.005941,0.005941
84,1456.49,1.69974,1.67047,1.84492,0.75556,0.70973,0.77101,0.35666,1.85635,1.34228,1.867,0.0058915,0.0058915,0.0058915
85,1473.42,1.69113,1.70202,1.81788,0.73879,0.72328,0.77022,0.36777,1.85219,1.37541,1.82816,0.005842,0.005842,0.005842
86,1490.61,1.69893,1.65872,1.83764,0.82017,0.68203,0.78444,0.36096,1.88538,1.35569,1.84519,0.0057925,0.0057925,0.0057925
87,1507.85,1.6735,1.66879,1.8197,0.76048,0.67654,0.76071,0.35716,1.88146,1.32023,1.84515,0.005743,0.005743,0.005743
88,1524.89,1.68529,1.63844,1.82027,0.8391,0.66073,0.79376,0.37265,1.86609,1.30623,1.84914,0.0056935,0.0056935,0.0056935
89,1541.88,1.68792,1.6337,1.82772,0.76445,0.70194,0.78797,0.34532,1.92386,1.39486,1.88236,0.005644,0.005644,0.005644
90,1558.91,1.67667,1.62515,1.81258,0.80917,0.70117,0.79283,0.3628,1.86633,1.32565,1.85675,0.0055945,0.0055945,0.0055945
91,1576.03,1.68346,1.63636,1.80596,0.81956,0.71608,0.80779,0.3655,1.8773,1.32606,1.83528,0.005545,0.005545,0.005545
92,1593.36,1.66438,1.60137,1.8194,0.76742,0.72575,0.80798,0.36743,1.87836,1.30581,1.84695,0.0054955,0.0054955,0.0054955
93,1610.43,1.68791,1.63553,1.81742,0.85037,0.74978,0.82697,0.38296,1.85233,1.26631,1.84374,0.005446,0.005446,0.005446
94,1627.62,1.67321,1.61057,1.79272,0.8097,0.71237,0.80732,0.38162,1.89853,1.27337,1.84536,0.0053965,0.0053965,0.0053965
95,1645.05,1.66681,1.58804,1.7729,0.85767,0.67413,0.82605,0.39111,1.84001,1.28393,1.80719,0.005347,0.005347,0.005347
96,1662.57,1.66523,1.59677,1.81763,0.80652,0.74305,0.81361,0.38497,1.82298,1.24293,1.81798,0.0052975,0.0052975,0.0052975
97,1679.64,1.66687,1.62133,1.80132,0.81714,0.72932,0.82304,0.39152,1.82231,1.27192,1.81487,0.005248,0.005248,0.005248
98,1696.8,1.63537,1.58894,1.78681,0.82795,0.75505,0.82805,0.4001,1.82276,1.25142,1.79986,0.0051985,0.0051985,0.0051985
99,1713.9,1.63357,1.56658,1.78052,0.82406,0.71944,0.81252,0.38358,1.82394,1.24447,1.80637,0.005149,0.005149,0.005149
100,1730.95,1.64273,1.56505,1.76989,0.83135,0.71682,0.82017,0.37827,1.85724,1.22178,1.8214,0.0050995,0.0050995,0.0050995
101,1748.1,1.65326,1.55461,1.78645,0.85265,0.74879,0.84723,0.39422,1.86675,1.18277,1.81801,0.00505,0.00505,0.00505
102,1765.23,1.62141,1.54514,1.77706,0.80572,0.71164,0.81601,0.3861,1.83618,1.21159,1.794,0.0050005,0.0050005,0.0050005
103,1782.34,1.63722,1.55918,1.77362,0.82647,0.75899,0.84125,0.39745,1.83731,1.19541,1.8216,0.004951,0.004951,0.004951
104,1799.37,1.62696,1.50561,1.76699,0.84698,0.74547,0.84569,0.39217,1.8569,1.22302,1.81371,0.0049015,0.0049015,0.0049015
105,1816.62,1.64431,1.54728,1.79765,0.81363,0.75093,0.83399,0.39442,1.82897,1.22823,1.81138,0.004852,0.004852,0.004852
106,1833.8,1.64374,1.54973,1.77881,0.83465,0.74812,0.85203,0.39502,1.8386,1.1925,1.81591,0.0048025,0.0048025,0.0048025
107,1850.81,1.62849,1.51487,1.7506,0.82101,0.75504,0.83796,0.40356,1.81258,1.23295,1.78533,0.004753,0.004753,0.004753
108,1868.05,1.61731,1.52973,1.79343,0.77917,0.74885,0.79031,0.36952,1.85152,1.23045,1.81711,0.0047035,0.0047035,0.0047035
109,1885.26,1.62873,1.51066,1.76379,0.84323,0.71415,0.8311,0.40203,1.82326,1.18747,1.81056,0.004654,0.004654,0.004654
110,1902.79,1.62551,1.50144,1.76916,0.84667,0.80376,0.86692,0.40933,1.80984,1.19273,1.80736,0.0046045,0.0046045,0.0046045
111,1920.88,1.62677,1.5405,1.77147,0.85383,0.80779,0.87258,0.40779,1.83443,1.16402,1.80555,0.004555,0.004555,0.004555
112,1938.9,1.61152,1.51134,1.77281,0.87535,0.79334,0.87629,0.41989,1.8168,1.16582,1.79715,0.0045055,0.0045055,0.0045055
113,1957.48,1.61478,1.50398,1.76284,0.88149,0.76561,0.8672,0.41795,1.8326,1.17179,1.81163,0.004456,0.004456,0.004456
114,1975.11,1.60202,1.49767,1.7597,0.84609,0.77466,0.86112,0.40922,1.85716,1.16926,1.83363,0.0044065,0.0044065,0.0044065
115,1992.77,1.62544,1.4666,1.75186,0.8577,0.79803,0.85901,0.4065,1.79645,1.12478,1.78691,0.004357,0.004357,0.004357
116,2010.7,1.60673,1.45512,1.7515,0.88535,0.80396,0.87572,0.42035,1.79208,1.11255,1.79705,0.0043075,0.0043075,0.0043075
117,2028.85,1.60806,1.47944,1.73592,0.8813,0.76216,0.85756,0.41978,1.81014,1.14603,1.80632,0.004258,0.004258,0.004258
118,2047.04,1.58653,1.45821,1.72765,0.8535,0.79306,0.8693,0.41876,1.78593,1.12564,1.78475,0.0042085,0.0042085,0.0042085
119,2065.18,1.58243,1.45611,1.7382,0.89228,0.78607,0.88436,0.43157,1.80554,1.11627,1.78063,0.004159,0.004159,0.004159
120,2083.11,1.58142,1.45596,1.72942,0.8599,0.80628,0.88394,0.42049,1.79944,1.1151,1.77913,0.0041095,0.0041095,0.0041095
121,2101.35,1.59629,1.47579,1.73413,0.86774,0.79335,0.87609,0.43229,1.80022,1.09204,1.76996,0.00406,0.00406,0.00406
122,2119.47,1.57743,1.41651,1.71184,0.86374,0.78895,0.88264,0.42853,1.7826,1.10582,1.76664,0.0040105,0.0040105,0.0040105
123,2137.31,1.5794,1.43072,1.71164,0.89647,0.80467,0.89147,0.42109,1.8246,1.12857,1.79287,0.003961,0.003961,0.003961
124,2155.4,1.60109,1.45274,1.75505,0.85728,0.83965,0.89358,0.43549,1.7901,1.11941,1.7778,0.0039115,0.0039115,0.0039115
125,2173.56,1.58397,1.40618,1.72615,0.87512,0.84381,0.89879,0.43018,1.80435,1.09206,1.78095,0.003862,0.003862,0.003862
126,2191.75,1.55097,1.40237,1.71028,0.88936,0.82818,0.89805,0.43354,1.77628,1.06001,1.76797,0.0038125,0.0038125,0.0038125
127,2209.65,1.57345,1.41638,1.73234,0.8436,0.83516,0.8831,0.42402,1.81338,1.11692,1.8042,0.003763,0.003763,0.003763
128,2227.94,1.55203,1.39108,1.68581,0.8606,0.81257,0.88582,0.42831,1.79031,1.0943,1.78859,0.0037135,0.0037135,0.0037135
129,2246.08,1.58128,1.40128,1.71181,0.83338,0.82901,0.87635,0.42608,1.79413,1.11788,1.7911,0.003664,0.003664,0.003664
130,2263.83,1.55751,1.40482,1.70798,0.88162,0.81249,0.88962,0.43243,1.80064,1.0721,1.77902,0.0036145,0.0036145,0.0036145
131,2281.97,1.55885,1.38843,1.71238,0.88387,0.8153,0.89498,0.43655,1.77899,1.06815,1.7746,0.003565,0.003565,0.003565
132,2299.7,1.55864,1.37032,1.69422,0.87746,0.84423,0.88875,0.43098,1.79583,1.05131,1.78047,0.0035155,0.0035155,0.0035155
133,2317.81,1.54092,1.39301,1.68787,0.87993,0.82432,0.89214,0.42823,1.79668,1.08059,1.78473,0.003466,0.003466,0.003466
134,2335.29,1.54661,1.34147,1.68904,0.89099,0.84126,0.89597,0.43228,1.79611,1.05744,1.77147,0.0034165,0.0034165,0.0034165
135,2353.18,1.53,1.34337,1.68296,0.86844,0.85845,0.90516,0.43289,1.81348,1.03466,1.80842,0.003367,0.003367,0.003367
136,2370.36,1.54037,1.33684,1.69916,0.89111,0.84512,0.89523,0.44266,1.78605,1.04036,1.78084,0.0033175,0.0033175,0.0033175
137,2387.7,1.55441,1.3675,1.71336,0.90381,0.82859,0.90282,0.4462,1.78151,1.03649,1.76284,0.003268,0.003268,0.003268
138,2405.58,1.54779,1.35072,1.69881,0.86897,0.7983,0.88054,0.42673,1.79583,1.08307,1.78221,0.0032185,0.0032185,0.0032185
139,2423.42,1.54125,1.38036,1.69561,0.9022,0.80645,0.89398,0.44312,1.76449,1.07085,1.76051,0.003169,0.003169,0.003169
140,2441.17,1.53516,1.34324,1.69079,0.87188,0.82427,0.88536,0.44072,1.7568,1.08416,1.76679,0.0031195,0.0031195,0.0031195
141,2458.84,1.53541,1.36712,1.70695,0.89935,0.85319,0.90663,0.44669,1.77179,1.02153,1.75441,0.00307,0.00307,0.00307
142,2477.12,1.52401,1.35247,1.68825,0.90327,0.83529,0.90842,0.45219,1.79231,1.03374,1.7634,0.0030205,0.0030205,0.0030205
143,2495.13,1.52605,1.33012,1.66953,0.91373,0.8326,0.91358,0.44412,1.77977,1.02279,1.78285,0.002971,0.002971,0.002971
144,2513.05,1.52226,1.30793,1.6885,0.9117,0.83584,0.90816,0.45094,1.76911,1.00625,1.76972,0.0029215,0.0029215,0.0029215
145,2531.02,1.53531,1.3228,1.69508,0.89067,0.85818,0.89813,0.44288,1.74347,1.03743,1.73954,0.002872,0.002872,0.002872
146,2549.14,1.55605,1.3827,1.70123,0.85738,0.83382,0.89254,0.4434,1.79551,1.03815,1.78311,0.0028225,0.0028225,0.0028225
147,2566.97,1.50721,1.34336,1.68091,0.88328,0.85163,0.90589,0.44377,1.75817,1.01785,1.75136,0.002773,0.002773,0.002773
148,2586.23,1.53264,1.3179,1.67868,0.90019,0.86435,0.91253,0.43901,1.77953,1.01518,1.76623,0.0027235,0.0027235,0.0027235
149,2603.87,1.52415,1.30022,1.67028,0.88306,0.86065,0.91342,0.44721,1.75921,1.00061,1.76806,0.002674,0.002674,0.002674
150,2621.07,1.52277,1.32312,1.65304,0.88527,0.85483,0.9078,0.45418,1.75261,0.98103,1.75423,0.0026245,0.0026245,0.0026245
151,2638.97,1.48898,1.2724,1.64488,0.89164,0.87592,0.9144,0.45627,1.746,1.00287,1.75384,0.002575,0.002575,0.002575
152,2656.56,1.50394,1.28835,1.65818,0.89413,0.85889,0.899,0.44927,1.77465,0.99861,1.76812,0.0025255,0.0025255,0.0025255
153,2673.82,1.51866,1.31691,1.67731,0.92006,0.86474,0.90949,0.4575,1.75763,0.98613,1.73767,0.002476,0.002476,0.002476
154,2690.79,1.52244,1.33226,1.64353,0.90293,0.87484,0.9173,0.45606,1.73894,0.99417,1.75985,0.0024265,0.0024265,0.0024265
155,2707.95,1.4802,1.25995,1.65532,0.91018,0.86466,0.91819,0.46113,1.74705,0.98219,1.74757,0.002377,0.002377,0.002377
156,2725.34,1.53361,1.30203,1.66533,0.89944,0.86624,0.92153,0.45264,1.78052,1.01894,1.76906,0.0023275,0.0023275,0.0023275
157,2742.51,1.49125,1.27707,1.65812,0.90643,0.87009,0.9214,0.44942,1.75881,0.99947,1.76082,0.002278,0.002278,0.002278
158,2759.62,1.50684,1.27063,1.63805,0.92181,0.86918,0.92519,0.45267,1.77068,0.98427,1.76354,0.0022285,0.0022285,0.0022285
159,2776.97,1.46844,1.26674,1.65003,0.89824,0.87701,0.91739,0.44726,1.76246,0.97575,1.76723,0.002179,0.002179,0.002179
160,2794.25,1.50049,1.29891,1.67045,0.89747,0.85893,0.90948,0.45191,1.78599,1.00157,1.77849,0.0021295,0.0021295,0.0021295
161,2811.42,1.49074,1.25414,1.65912,0.90443,0.87201,0.91519,0.45456,1.75821,0.96879,1.76385,0.00208,0.00208,0.00208
162,2828.74,1.47889,1.28515,1.66653,0.90033,0.8577,0.91351,0.45462,1.76019,0.96944,1.74986,0.0020305,0.0020305,0.0020305
163,2846.77,1.50598,1.25602,1.64872,0.89917,0.88024,0.92154,0.45402,1.75394,0.97543,1.75045,0.001981,0.001981,0.001981
164,2864.84,1.48522,1.27123,1.64246,0.91025,0.8532,0.92356,0.45637,1.75188,0.97667,1.73956,0.0019315,0.0019315,0.0019315
165,2882.28,1.48185,1.25187,1.6473,0.91937,0.87763,0.92772,0.45975,1.75606,0.97336,1.76192,0.001882,0.001882,0.001882
166,2900.66,1.48882,1.25113,1.64699,0.88796,0.8779,0.91904,0.46045,1.7611,0.97686,1.74826,0.0018325,0.0018325,0.0018325
167,2918.69,1.47387,1.2519,1.64772,0.91342,0.85521,0.91253,0.45813,1.7453,0.96329,1.74105,0.001783,0.001783,0.001783
168,2936.82,1.47489,1.25537,1.63622,0.91406,0.87193,0.91912,0.46225,1.75305,0.94362,1.74948,0.0017335,0.0017335,0.0017335
169,2954.94,1.47843,1.2418,1.64165,0.91155,0.86359,0.91622,0.46581,1.75785,0.94422,1.73938,0.001684,0.001684,0.001684
170,2972.92,1.48893,1.24612,1.63484,0.89294,0.89206,0.92979,0.46605,1.74065,0.96011,1.73613,0.0016345,0.0016345,0.0016345
171,2990.71,1.4601,1.23461,1.63297,0.91669,0.86643,0.92012,0.46635,1.73663,0.95681,1.73242,0.001585,0.001585,0.001585
172,3008.7,1.45782,1.24308,1.63158,0.91975,0.86531,0.91995,0.45916,1.74551,0.9326,1.7383,0.0015355,0.0015355,0.0015355
173,3026.8,1.47272,1.24723,1.62565,0.91753,0.86512,0.92151,0.46027,1.75141,0.94354,1.74929,0.001486,0.001486,0.001486
174,3044.66,1.46817,1.25568,1.62048,0.92254,0.86591,0.91833,0.46761,1.7357,0.93053,1.73876,0.0014365,0.0014365,0.0014365
175,3062.54,1.48268,1.27784,1.65738,0.92032,0.8787,0.9226,0.46351,1.74543,0.94228,1.74957,0.001387,0.001387,0.001387
176,3079.84,1.42207,1.18987,1.60361,0.9329,0.87216,0.92799,0.46862,1.72583,0.93623,1.73622,0.0013375,0.0013375,0.0013375
177,3097.46,1.46117,1.2398,1.64155,0.9207,0.88033,0.92779,0.46645,1.73228,0.95245,1.73791,0.001288,0.001288,0.001288
178,3114.69,1.4452,1.21919,1.62089,0.92854,0.8807,0.92454,0.46673,1.74136,0.94372,1.73305,0.0012385,0.0012385,0.0012385
179,3131.68,1.42717,1.18126,1.59291,0.91744,0.87801,0.91742,0.46085,1.75023,0.92967,1.7462,0.001189,0.001189,0.001189
180,3149.07,1.43298,1.22072,1.61001,0.91286,0.88471,0.92757,0.46689,1.73233,0.94165,1.73105,0.0011395,0.0011395,0.0011395
181,3166.21,1.45151,1.20518,1.6162,0.94296,0.86621,0.92888,0.46358,1.74723,0.94553,1.73994,0.00109,0.00109,0.00109
182,3183.34,1.44369,1.18429,1.61982,0.90155,0.86754,0.91065,0.46489,1.72685,0.93959,1.7315,0.0010405,0.0010405,0.0010405
183,3200.53,1.45127,1.20694,1.61887,0.92275,0.8835,0.91655,0.46222,1.73067,0.92753,1.73376,0.000991,0.000991,0.000991
184,3217.86,1.44584,1.18866,1.61175,0.92175,0.86849,0.91799,0.47026,1.72036,0.92576,1.72795,0.0009415,0.0009415,0.0009415
185,3234.75,1.44406,1.18469,1.62288,0.91351,0.87148,0.91326,0.46359,1.74083,0.92488,1.73513,0.000892,0.000892,0.000892
186,3252.24,1.45336,1.18181,1.6231,0.91021,0.87828,0.91915,0.47501,1.72237,0.92358,1.72746,0.0008425,0.0008425,0.0008425
187,3270.16,1.42271,1.17513,1.59861,0.92424,0.87413,0.91474,0.46881,1.71948,0.93077,1.72984,0.000793,0.000793,0.000793
188,3288.26,1.4095,1.17604,1.58766,0.94482,0.88058,0.93454,0.47437,1.73173,0.92696,1.73081,0.0007435,0.0007435,0.0007435
189,3305.99,1.45031,1.22075,1.60589,0.9252,0.86842,0.92113,0.47196,1.7294,0.92157,1.73924,0.000694,0.000694,0.000694
190,3323.59,1.41882,1.17412,1.57666,0.91662,0.88004,0.92063,0.47861,1.70873,0.91499,1.72703,0.0006445,0.0006445,0.0006445
191,3351.57,1.55711,1.02728,1.59938,0.92045,0.88368,0.9219,0.46952,1.73326,0.91509,1.75626,0.000595,0.000595,0.000595
192,3368.57,1.53024,0.98441,1.57625,0.94189,0.88641,0.93364,0.47927,1.71224,0.90902,1.73629,0.0005455,0.0005455,0.0005455
193,3385.5,1.52849,0.98097,1.56219,0.92128,0.88795,0.9266,0.4763,1.71621,0.90803,1.73438,0.000496,0.000496,0.000496
194,3402.51,1.51411,0.97395,1.55283,0.93245,0.87771,0.92624,0.47502,1.70795,0.90092,1.73016,0.0004465,0.0004465,0.0004465
195,3419.41,1.48618,0.94932,1.56342,0.93669,0.88678,0.93408,0.47795,1.70895,0.89199,1.73137,0.000397,0.000397,0.000397
196,3436.36,1.49936,0.93002,1.53931,0.948,0.88217,0.93538,0.47941,1.70875,0.89639,1.73736,0.0003475,0.0003475,0.0003475
197,3454.1,1.49882,0.9563,1.55524,0.94232,0.8911,0.93912,0.47465,1.70829,0.88949,1.73448,0.000298,0.000298,0.000298
198,3471.65,1.50075,0.94815,1.53576,0.9326,0.89406,0.93997,0.47552,1.70695,0.88835,1.74126,0.0002485,0.0002485,0.0002485
199,3488.37,1.51278,0.92255,1.54895,0.9335,0.89409,0.94134,0.47881,1.71114,0.8823,1.74496,0.000199,0.000199,0.000199
200,3505.21,1.5038,0.93557,1.54221,0.93422,0.89918,0.94017,0.48045,1.70967,0.88624,1.74308,0.0001495,0.0001495,0.0001495
